country,text,pct,n,n_worker
India,"Accounting, bookkeeping and auditing activities; tax consultancy",0.1207,182761846.6,220594
India,"Activities auxiliary to financial service activities, except insurance and pension funding",0.053,182761846.6,96864
India,Activities auxiliary to insurance and pension funding,0.0485,182761846.6,88639
India,"Activities of business, employers and professional membership organizations",0.0093,182761846.6,16997
India,Activities of call centres,0.035,182761846.6,63967
India,Activities of employment placement agencies,0.05,182761846.6,91381
India,Activities of head offices,0.004,182761846.6,7310
India,Activities of holding companies,0.0022,182761846.6,4021
India,Activities of households as employers of domestic personnel,1.3101,182761846.6,2394363
India,Activities of other membership organizations,0.323,182761846.6,590321
India,Activities of trade unions,0.0043,182761846.6,7859
India,Administration of the State and the economic and social policy of the community,1.1157,182761846.6,2039074
India,Advertising,0.0121,182761846.6,22114
India,Animal production,4.8362,182761846.6,8838728
India,Aquaculture,0.1101,182761846.6,201221
India,Architectural  and  engineering  activities  and  related  technical consultancy,0.039,182761846.6,71277
India,Beverage serving activities,0.4291,182761846.6,784231
India,Building completion and finishing,0.7863,182761846.6,1437056
India,Building of ships and boats,0.0033,182761846.6,6031
India,Business support service activities n.e.c.,0.0476,182761846.6,86995
India,"Camping grounds, recreational vehicle parks and trailer parks",0.0002,182761846.6,366
India,Casting of metals,0.1193,182761846.6,218035
India,Cleaning activities,0.0677,182761846.6,123730
India,Combined facilities support activities,0.0015,182761846.6,2741
India,Compulsory social security activities,0.0389,182761846.6,71094
India,"Computer programming, consultancy and related activities",1.0563,182761846.6,1930513
India,Construction of buildings,10.5672,182761846.6,19312810
India,Construction of other civil engineering projects,0.0425,182761846.6,77674
India,Construction of utility projects,0.2513,182761846.6,459281
India,Construction roads and railways,0.3507,182761846.6,640946
India,Courier activities,0.0672,182761846.6,122816
India,"Creative, arts and entertainment activities",0.1754,182761846.6,320564
India,"Data processing, hosting and related activities; web portals",0.0834,182761846.6,152423
India,Demolition and site preparation,0.0865,182761846.6,158089
India,Educational support services,0.041,182761846.6,74932
India,"Electric power generation, transmission and distribution",0.3134,182761846.6,572776
India,"Electrical, plumbing and other construction installation activities",0.5218,182761846.6,953651
India,Event catering and other food service activities,0.2571,182761846.6,469881
India,Extraction of crude petroleum,0.0049,182761846.6,8955
India,Extraction of natural gas,0.0019,182761846.6,3472
India,Fishing,0.1971,182761846.6,360224
India,Freight air transport,0.0032,182761846.6,5848
India,Fund management activities,0.0048,182761846.6,8773
India,Gambling and betting activities,0.0321,182761846.6,58667
India,Gathering of non-wood forest products,0.0193,182761846.6,35273
India,Growing of non-perennial crops,29.5878,182761846.6,54075210
India,Growing of perennial crops,2.2951,182761846.6,4194567
India,Higher education,0.3512,182761846.6,641860
India,Hospital activities,0.7888,182761846.6,1441625
India,Human resources provision and management of human resources functions,0.0181,182761846.6,33080
India,"Hunting, trapping and related service activities",0.0026,182761846.6,4752
India,Inland water transport,0.0144,182761846.6,26318
India,Installation of industrial machinery and equipment,0.0073,182761846.6,13342
India,Insurance,0.1322,182761846.6,241611
India,Investigation activities,0.0006,182761846.6,1097
India,Landscape care and maintenance service activities,0.0243,182761846.6,44411
India,Legal activities,0.1893,182761846.6,345968
India,"Libraries, archives, museums and other cultural activities",0.0144,182761846.6,26318
India,Logging,0.1358,182761846.6,248191
India,Maintenance and repair of motor vehicles,0.4255,182761846.6,777652
India,Management consultancy activities,0.0193,182761846.6,35273
India,Manufacture of air and spacecraft and related machinery,0.0053,182761846.6,9686
India,Manufacture of articles of fur,0.0159,182761846.6,29059
India,"Manufacture of basic chemicals, fertilizer and nitrogen compounds, plastics and synthetic rubber in primary forms",0.1173,182761846.6,214380
India,Manufacture of basic iron and steel,0.2515,182761846.6,459646
India,Manufacture of basic precious and other non-ferrous metals,0.0557,182761846.6,101798
India,Manufacture of batteries and accumulators,0.0147,182761846.6,26866
India,Manufacture of beverages,0.102,182761846.6,186417
India,Manufacture of bodies (coachwork) for motor vehicles; manufacture of,0.0304,182761846.6,55560
India,Manufacture of coke oven products,0.0027,182761846.6,4935
India,Manufacture of communication equipment,0.0229,182761846.6,41852
India,Manufacture of computers and peripheral equipment,0.0024,182761846.6,4386
India,Manufacture of consumer electronics,0.0134,182761846.6,24490
India,Manufacture of dairy products,0.0839,182761846.6,153337
India,Manufacture of domestic appliances,0.0296,182761846.6,54098
India,Manufacture of electric lighting equipment,0.0256,182761846.6,46787
India,"Manufacture of electric motors, generators, transformers and electricity distribution and control apparatus",0.1,182761846.6,182762
India,Manufacture of electronic components,0.051,182761846.6,93209
India,Manufacture of footwear,0.1731,182761846.6,316361
India,Manufacture of furniture,0.6308,182761846.6,1152862
India,Manufacture of games and toys,0.0102,182761846.6,18642
India,Manufacture of gas; distribution of gaseous fuels through mains,0.0284,182761846.6,51904
India,Manufacture of general purpose machinery,0.0911,182761846.6,166496
India,Manufacture of glass and glass products,0.0551,182761846.6,100702
India,"Manufacture of grain mill products, starches and starch products",0.3067,182761846.6,560531
India,"Manufacture of irradiation, electromedical and electrotherapeutic equipment",0.0008,182761846.6,1462
India,"Manufacture of jewellery, bijouterie and related articles",0.4353,182761846.6,795562
India,Manufacture of knitted and crocheted apparel,0.018,182761846.6,32897
India,Manufacture of magnetic and optical media,0.0006,182761846.6,1097
India,Manufacture of man-made fibres,0.0013,182761846.6,2376
India,"Manufacture of measuring, testing, navigating and control equipment watches and clocks",0.0336,182761846.6,61408
India,Manufacture of medical and dental instruments and supplies,0.0228,182761846.6,41670
India,Manufacture of motor vehicles,0.0843,182761846.6,154068
India,Manufacture of musical instruments,0.0029,182761846.6,5300
India,Manufacture of non-metallic mineral products n.e.c.,0.801,182761846.6,1463922
India,Manufacture of optical instruments and equipment,0.0011,182761846.6,2010
India,Manufacture of other chemical products,0.1731,182761846.6,316361
India,Manufacture of other electrical equipment,0.0273,182761846.6,49894
India,Manufacture of other fabricated metal products; metalworking service activities,0.3826,182761846.6,699247
India,Manufacture of other food products,0.4964,182761846.6,907230
India,Manufacture of other textiles,0.5657,182761846.6,1033884
India,Manufacture of paper and paper products,0.1507,182761846.6,275422
India,Manufacture of parts and accessories for motor vehicles,0.1767,182761846.6,322940
India,"Manufacture of pharmaceuticals, medicinal chemical and botanical products",0.2763,182761846.6,504971
India,Manufacture of plastics products,0.1631,182761846.6,298085
India,Manufacture of prepared animal feeds,0.0217,182761846.6,39659
India,"Manufacture of products of wood, cork, straw and plaiting materials",0.4046,182761846.6,739454
India,Manufacture of railway locomotives and rolling stock,0.0228,182761846.6,41670
India,Manufacture of refined petroleum products,0.049,182761846.6,89553
India,Manufacture of rubber products,0.0675,182761846.6,123364
India,Manufacture of special-purpose machinery,0.144,182761846.6,263177
India,Manufacture of sports goods,0.0086,182761846.6,15718
India,"Manufacture of structural metal products, tanks, reservoirs and steam generators",0.3614,182761846.6,660501
India,Manufacture of tobacco products,0.6072,182761846.6,1109730
India,Manufacture of transport equipment n.e.c.,0.0595,182761846.6,108743
India,Manufacture of vegetable and animal oils and fats,0.0413,182761846.6,75481
India,Manufacture of weapons and ammunition,0.0097,182761846.6,17728
India,"Manufacture of wearing apparel, except fur apparel",2.319,182761846.6,4238247
India,Manufacture of wiring and wiring devices,0.0745,182761846.6,136158
India,Market research and public opinion polling,0.0078,182761846.6,14255
India,Materials recovery,0.0572,182761846.6,104540
India,Medical and dental practice activities,0.0807,182761846.6,147489
India,Mining and quarrying n.e.c.,0.0159,182761846.6,29059
India,Mining of hard coal,0.0933,182761846.6,170517
India,Mining of iron ores,0.0098,182761846.6,17911
India,Mining of lignite,0.0009,182761846.6,1645
India,Mining of non-ferrous metal ores,0.0137,182761846.6,25038
India,Mixed farming,3.7554,182761846.6,6863438
India,Monetary intermediation,0.6008,182761846.6,1098033
India,"Motion picture, video and television programme activities",0.0311,182761846.6,56839
India,Non-specialized wholesale trade,0.0374,182761846.6,68353
India,Nursing care facilities,0.008,182761846.6,14621
India,Office administrative and support activities,0.2513,182761846.6,459281
India,Organization of conventions and trade shows,0.0102,182761846.6,18642
India,Other accommodation,0.0294,182761846.6,53732
India,Other amusement and recreation activities,0.0074,182761846.6,13524
India,Other education,0.2863,182761846.6,523247
India,"Other financial service activities, except insurance and pension funding activities",0.3164,182761846.6,578258
India,Other human health activities,0.3248,182761846.6,593610
India,Other information service activities,0.0983,182761846.6,179655
India,Other land transport,4.01,182761846.6,7328750
India,Other manufacturing n.e.c.,0.1807,182761846.6,330251
India,Other personal service activities,0.9543,182761846.6,1744096
India,"Other professional, scientific and technical activities n.e.c.",0.0245,182761846.6,44777
India,Other reservation service and related activities,0.0057,182761846.6,10417
India,Other residential care activities n.e.c.,0.0162,182761846.6,29607
India,Other social work activities without accommodation n.e.c.,0.1345,182761846.6,245815
India,Other specialized construction activities,0.0732,182761846.6,133782
India,Other specialized wholesale,0.3729,182761846.6,681519
India,Other telecommunications activities,0.0282,182761846.6,51539
India,Passenger air transport,0.0136,182761846.6,24856
India,Pension funding,0.0014,182761846.6,2559
India,Photographic activities,0.1275,182761846.6,233021
India,Plant propagation,0.0624,182761846.6,114043
India,Postal activities,0.0704,182761846.6,128664
India,Primary education,1.5162,182761846.6,2771035
India,Printing and service activities related to printing,0.1408,182761846.6,257329
India,Private security activities,0.1942,182761846.6,354924
India,"Processing and preserving of fish, crustaceans and molluscs and products thereof",0.048,182761846.6,87726
India,Processing and preserving of fruit and vegetables,0.0397,182761846.6,72556
India,Processing and preserving of meat,0.1196,182761846.6,218583
India,Provision of services to the community as a whole,0.4254,182761846.6,777469
India,"Publishing of books, periodicals and other publishing activities",0.0321,182761846.6,58667
India,"Quarrying of stone, sand and clay",0.1511,182761846.6,276153
India,Radio broadcasting,0.0017,182761846.6,3107
India,Real estate activities on a fee or contract basis,0.1026,182761846.6,187514
India,Real estate activities with own or leased property,0.1446,182761846.6,264274
India,Remediation activities and other waste management services,0.0026,182761846.6,4752
India,Renting and leasing of motor vehicles,0.0141,182761846.6,25769
India,"Renting and leasing of other machinery, equipment and tangible goods n.e.c.",0.0256,182761846.6,46787
India,Renting and leasing of personal and household goods,0.1951,182761846.6,356568
India,Repair of computers and communication equipment,0.0917,182761846.6,167593
India,"Repair of fabricated metal products, machinery and equipment",0.3455,182761846.6,631442
India,Repair of personal and household goods,0.3885,182761846.6,710030
India,Reproduction of recorded media,0.0033,182761846.6,6031
India,Research  and  experimental  development  on  social  sciences  and humanities,0.0036,182761846.6,6579
India,Research and experimental development on natural sciences and engineering,0.0189,182761846.6,34542
India,"Residential care activities for mental retardation, mental health and substance abuse",0.0004,182761846.6,731
India,Residential care activities for the elderly and disabled,0.0058,182761846.6,10600
India,Restaurants and mobile food service activities,1.2309,182761846.6,2249616
India,Retail sale in non-specialized stores,0.9716,182761846.6,1775714
India,Retail sale of automotive fuel in specialized stores,0.1263,182761846.6,230828
India,Retail sale of cultural and recreation goods in specialized stores,0.1724,182761846.6,315081
India,"Retail sale of food, beverages and tobacco in specialized stores",3.6519,182761846.6,6674280
India,Retail sale of information and communications equipment in specialized stores,0.1307,182761846.6,238870
India,Retail sale of other goods in specialized stores,2.0683,182761846.6,3780063
India,Retail sale of other household equipment in specialized stores,0.9915,182761846.6,1812084
India,Retail sale via stalls and markets,0.1332,182761846.6,243439
India,"Retail trade not in stores, stalls or markets",0.2415,182761846.6,441370
India,Sale of motor vehicle parts and accessories,0.0824,182761846.6,150596
India,Sale of motor vehicles,0.1285,182761846.6,234849
India,"Sale, maintenance and repair of motorcycles and related parts and Accessories",0.3174,182761846.6,580086
India,Satellite telecommunications activities,0.0078,182761846.6,14255
India,Saw milling and planing of wood,0.0705,182761846.6,128847
India,Sea and coastal water transport,0.0168,182761846.6,30704
India,Secondary education,1.1699,182761846.6,2138131
India,Security systems service activities,0.0177,182761846.6,32349
India,Sewerage,0.0229,182761846.6,41852
India,Short term accommodation activities,0.1345,182761846.6,245815
India,Silviculture and other forestry activities,0.0411,182761846.6,75115
India,Social work activities without accommodation for the elderly and disabled,0.0147,182761846.6,26866
India,Software publishing,0.0169,182761846.6,30887
India,Sound recording and music publishing activities,0.0215,182761846.6,39294
India,Specialized design activities,0.0754,182761846.6,137802
India,"Spinning, weaving and finishing of textiles",0.5584,182761846.6,1020542
India,Sports activities,0.0259,182761846.6,47335
India,Steam and air conditioning supply,0.0034,182761846.6,6214
India,Support activities for other mining and quarrying,0.0025,182761846.6,4569
India,Support activities for petroleum and natural gas mining,0.0012,182761846.6,2193
India,Support activities for transportation,0.2308,182761846.6,421814
India,Support activities to agriculture and post-harvest crop activities,1.3656,182761846.6,2495796
India,Support services to forestry,0.019,182761846.6,34725
India,"Tanning and dressing of leather; manufacture of luggage, handbags, saddlery and harness; dressing and dyeing of fur",0.0709,182761846.6,129578
India,Technical testing and analysis,0.0083,182761846.6,15169
India,Television programming and broadcasting activities,0.0088,182761846.6,16083
India,Temporary employment agency activities,0.0193,182761846.6,35273
India,Transport via pipeline,0.0152,182761846.6,27780
India,Transport via railways,0.1204,182761846.6,220045
India,Travel agency and tour operator activities,0.0496,182761846.6,90650
India,"Trusts, funds and other financial vehicles",0.0135,182761846.6,24673
India,Veterinary activities,0.0348,182761846.6,63601
India,Warehousing and storage,0.1097,182761846.6,200490
India,Waste collection,0.0954,182761846.6,174355
India,Waste treatment and disposal,0.0068,182761846.6,12428
India,"Water collection, treatment and supply",0.1035,182761846.6,189159
India,Wholesale of agricultural raw materials and live animals,0.2527,182761846.6,461839
India,"Wholesale of food, beverages and tobacco",0.395,182761846.6,721909
India,Wholesale of household goods,0.303,182761846.6,553768
India,"Wholesale of machinery, equipment and supplies",0.1313,182761846.6,239966
India,Wholesale on a fee or contract basis,0.1134,182761846.6,207252
India,Wired telecommunications activities,0.0565,182761846.6,103260
India,Wireless telecommunications activities,0.0314,182761846.6,57387
